test_chr1:1-23:1	test_chr1	1	23	1	AAATGATCGGGATCGCTATCTGG	AAATGATCGGGATCGCTATC
test_chr1:7-29:1	test_chr1	7	29	1	TCGGGATCGCTATCTGGCATTGG	TCGGGATCGCTATCTGGCAT
test_chr1:32-54:1	test_chr1	32	54	1	CCCCCATACTCGATTCCTGCTGG	CCCCCATACTCGATTCCTGC
test_chr1:33-55:1	test_chr1	33	55	1	CCCCATACTCGATTCCTGCTGGG	CCCCATACTCGATTCCTGCT
test_chr1:38-60:1	test_chr1	38	60	1	TACTCGATTCCTGCTGGGACTGG	TACTCGATTCCTGCTGGGAC
test_chr1:39-61:1	test_chr1	39	61	1	ACTCGATTCCTGCTGGGACTGGG	ACTCGATTCCTGCTGGGACT
test_chr1:88-110:1	test_chr1	88	110	1	AAGTTCAACTCCCAACTGATCGG	AAGTTCAACTCCCAACTGAT
test_chr1:89-111:1	test_chr1	89	111	1	AGTTCAACTCCCAACTGATCGGG	AGTTCAACTCCCAACTGATC
test_chr1:101-123:1	test_chr1	101	123	1	AACTGATCGGGATCGCTATCTGG	AACTGATCGGGATCGCTATC
test_chr1:107-129:1	test_chr1	107	129	1	TCGGGATCGCTATCTGGCATTGG	TCGGGATCGCTATCTGGCAT
test_chr1:132-154:1	test_chr1	132	154	1	CCCCCATACTCGATTCCTGCTGG	CCCCCATACTCGATTCCTGC
test_chr1:133-155:1	test_chr1	133	155	1	CCCCATACTCGATTCCTGCTGGG	CCCCATACTCGATTCCTGCT
test_chr1:138-160:1	test_chr1	138	160	1	TACTCGATTCCTGCTGGGACTGG	TACTCGATTCCTGCTGGGAC
test_chr1:139-161:1	test_chr1	139	161	1	ACTCGATTCCTGCTGGGACTGGG	ACTCGATTCCTGCTGGGACT
test_chr1:201-223:1	test_chr1	201	223	1	AAATGATCGCGATCGCTATCTGG	AAATGATCGCGATCGCTATC
test_chr1:207-229:1	test_chr1	207	229	1	TCGCGATCGCTATCTGGCATTGG	TCGCGATCGCTATCTGGCAT
test_chr1:232-254:1	test_chr1	232	254	1	CCCCCATACTCGATTCCTGCTGG	CCCCCATACTCGATTCCTGC
test_chr1:233-255:1	test_chr1	233	255	1	CCCCATACTCGATTCCTGCTGGG	CCCCATACTCGATTCCTGCT
test_chr1:238-260:1	test_chr1	238	260	1	TACTCGATTCCTGCTGGGACTGG	TACTCGATTCCTGCTGGGAC
test_chr1:239-261:1	test_chr1	239	261	1	ACTCGATTCCTGCTGGGACTGGG	ACTCGATTCCTGCTGGGACT
test_chr1:32-54:-1	test_chr1	32	54	-1	CCCCCATACTCGATTCCTGCTGG	CCAGCAGGAATCGAGTATGG
test_chr1:33-55:-1	test_chr1	33	55	-1	CCCCATACTCGATTCCTGCTGGG	CCCAGCAGGAATCGAGTATG
test_chr1:34-56:-1	test_chr1	34	56	-1	CCCATACTCGATTCCTGCTGGGA	TCCCAGCAGGAATCGAGTAT
test_chr1:35-57:-1	test_chr1	35	57	-1	CCATACTCGATTCCTGCTGGGAC	GTCCCAGCAGGAATCGAGTA
test_chr1:47-69:-1	test_chr1	47	69	-1	CCTGCTGGGACTGGGAATCAAAC	GTTTGATTCCCAGTCCCAGC
test_chr1:69-91:-1	test_chr1	69	91	-1	CCTGCAATCTTTCGACTACAAGT	ACTTGTAGTCGAAAGATTGC
test_chr1:98-120:-1	test_chr1	98	120	-1	CCCAACTGATCGGGATCGCTATC	GATAGCGATCCCGATCAGTT
test_chr1:99-121:-1	test_chr1	99	121	-1	CCAACTGATCGGGATCGCTATCT	AGATAGCGATCCCGATCAGT
test_chr1:132-154:-1	test_chr1	132	154	-1	CCCCCATACTCGATTCCTGCTGG	CCAGCAGGAATCGAGTATGG
test_chr1:133-155:-1	test_chr1	133	155	-1	CCCCATACTCGATTCCTGCTGGG	CCCAGCAGGAATCGAGTATG
test_chr1:134-156:-1	test_chr1	134	156	-1	CCCATACTCGATTCCTGCTGGGA	TCCCAGCAGGAATCGAGTAT
test_chr1:135-157:-1	test_chr1	135	157	-1	CCATACTCGATTCCTGCTGGGAC	GTCCCAGCAGGAATCGAGTA
test_chr1:147-169:-1	test_chr1	147	169	-1	CCTGCTGGGACTGGGAATCAAAC	GTTTGATTCCCAGTCCCAGC
test_chr1:169-191:-1	test_chr1	169	191	-1	CCTGCAATCTTTCGACTACAAGT	ACTTGTAGTCGAAAGATTGC
test_chr1:198-220:-1	test_chr1	198	220	-1	CCCAAATGATCGCGATCGCTATC	GATAGCGATCGCGATCATTT
test_chr1:199-221:-1	test_chr1	199	221	-1	CCAAATGATCGCGATCGCTATCT	AGATAGCGATCGCGATCATT
test_chr1:232-254:-1	test_chr1	232	254	-1	CCCCCATACTCGATTCCTGCTGG	CCAGCAGGAATCGAGTATGG
test_chr1:233-255:-1	test_chr1	233	255	-1	CCCCATACTCGATTCCTGCTGGG	CCCAGCAGGAATCGAGTATG
test_chr1:234-256:-1	test_chr1	234	256	-1	CCCATACTCGATTCCTGCTGGGA	TCCCAGCAGGAATCGAGTAT
test_chr1:235-257:-1	test_chr1	235	257	-1	CCATACTCGATTCCTGCTGGGAC	GTCCCAGCAGGAATCGAGTA
test_chr1:247-269:-1	test_chr1	247	269	-1	CCTGCTGGGACTGGGAATCAAAC	GTTTGATTCCCAGTCCCAGC
test_chr1:269-291:-1	test_chr1	269	291	-1	CCTGCAATCTTTCGACTACAAGT	ACTTGTAGTCGAAAGATTGC
test_chr2:6-28:1	test_chr2	6	28	1	ATTAATTTCCTCATGATTTTTGG	ATTAATTTCCTCATGATTTT
test_chr2:27-49:1	test_chr2	27	49	1	GGCTCATATTGCATGATCAAAGG	GGCTCATATTGCATGATCAA
test_chr2:41-63:1	test_chr2	41	63	1	GATCAAAGGCTGCAGTGCAGAGG	GATCAAAGGCTGCAGTGCAG
test_chr2:68-90:1	test_chr2	68	90	1	TCTTCATCTTCTGACAGACCTGG	TCTTCATCTTCTGACAGACC
test_chr2:71-93:1	test_chr2	71	93	1	TCATCTTCTGACAGACCTGGAGG	TCATCTTCTGACAGACCTGG
test_chr2:77-99:1	test_chr2	77	99	1	TCTGACAGACCTGGAGGATATGG	TCTGACAGACCTGGAGGATA
test_chr2:101-123:1	test_chr2	101	123	1	AAATGATCGCGATCGATATCTGG	AAATGATCGCGATCGATATC
test_chr2:106-128:1	test_chr2	106	128	1	ATCGCGATCGATATCTGGTTTGG	ATCGCGATCGATATCTGGTT
test_chr2:168-190:1	test_chr2	168	190	1	TCTTCATCTTCTGACAGACCTGG	TCTTCATCTTCTGACAGACC
test_chr2:171-193:1	test_chr2	171	193	1	TCATCTTCTGACAGACCTGGAGG	TCATCTTCTGACAGACCTGG
test_chr2:177-199:1	test_chr2	177	199	1	TCTGACAGACCTGGAGGATATGG	TCTGACAGACCTGGAGGATA
test_chr2:201-223:1	test_chr2	201	223	1	AAATGATCGCGATCGATTTCTGG	AAATGATCGCGATCGATTTC
test_chr2:206-228:1	test_chr2	206	228	1	ATCGCGATCGATTTCTGGTTTGG	ATCGCGATCGATTTCTGGTT
test_chr2:268-290:1	test_chr2	268	290	1	TCTTCATCTTCTGACAGACCTGG	TCTTCATCTTCTGACAGACC
test_chr2:271-293:1	test_chr2	271	293	1	TCATCTTCTGACAGACCTGGAGG	TCATCTTCTGACAGACCTGG
test_chr2:277-299:1	test_chr2	277	299	1	TCTGACAGACCTGGAGGATATGG	TCTGACAGACCTGGAGGATA
test_chr2:301-323:1	test_chr2	301	323	1	AAATGATCGCGATCGATTACTGG	AAATGATCGCGATCGATTAC
test_chr2:306-328:1	test_chr2	306	328	1	ATCGCGATCGATTACTGGTTTGG	ATCGCGATCGATTACTGGTT
test_chr2:368-390:1	test_chr2	368	390	1	TCTTCATCTTCTGACAGACCTGG	TCTTCATCTTCTGACAGACC
test_chr2:371-393:1	test_chr2	371	393	1	TCATCTTCTGACAGACCTGGAGG	TCATCTTCTGACAGACCTGG
test_chr2:377-399:1	test_chr2	377	399	1	TCTGACAGACCTGGAGGATATGG	TCTGACAGACCTGGAGGATA
test_chr2:14-36:-1	test_chr2	14	36	-1	CCTCATGATTTTTGGCTCATATT	AATATGAGCCAAAAATCATG
test_chr2:86-108:-1	test_chr2	86	108	-1	CCTGGAGGATATGGAAAATGATC	GATCATTTTCCATATCCTCC
test_chr2:186-208:-1	test_chr2	186	208	-1	CCTGGAGGATATGGAAAATGATC	GATCATTTTCCATATCCTCC
test_chr2:286-308:-1	test_chr2	286	308	-1	CCTGGAGGATATGGAAAATGATC	GATCATTTTCCATATCCTCC
test_chr3:38-60:1	test_chr3	38	60	1	CAAACACCTTGACAACTGATCGG	CAAACACCTTGACAACTGAT
test_chr3:39-61:1	test_chr3	39	61	1	AAACACCTTGACAACTGATCGGG	AAACACCTTGACAACTGATC
test_chr3:68-90:1	test_chr3	68	90	1	ATCTAGCACACTATTCTCACAGG	ATCTAGCACACTATTCTCAC
test_chr3:74-96:1	test_chr3	74	96	1	CACACTATTCTCACAGGTAAAGG	CACACTATTCTCACAGGTAA
test_chr3:88-110:1	test_chr3	88	110	1	AGGTAAAGGCTGAAACTGACCGG	AGGTAAAGGCTGAAACTGAC
test_chr3:89-111:1	test_chr3	89	111	1	GGTAAAGGCTGAAACTGACCGGG	GGTAAAGGCTGAAACTGACC
test_chr3:101-123:1	test_chr3	101	123	1	AACTGACCGGGATCGCTATCTGG	AACTGACCGGGATCGCTATC
test_chr3:144-166:1	test_chr3	144	166	1	CCTTGACTTCCCTGACCATCAGG	CCTTGACTTCCCTGACCATC
test_chr3:168-190:1	test_chr3	168	190	1	CCTGCTCACACTATTCTCACAGG	CCTGCTCACACTATTCTCAC
test_chr3:174-196:1	test_chr3	174	196	1	CACACTATTCTCACAGGTAAAGG	CACACTATTCTCACAGGTAA
test_chr3:188-210:1	test_chr3	188	210	1	AGGTAAAGGCTGAAACTGACCGG	AGGTAAAGGCTGAAACTGAC
test_chr3:189-211:1	test_chr3	189	211	1	GGTAAAGGCTGAAACTGACCGGG	GGTAAAGGCTGAAACTGACC
test_chr3:201-223:1	test_chr3	201	223	1	AACTGACCGGGCTCGCTATCTGG	AACTGACCGGGCTCGCTATC
test_chr3:244-266:1	test_chr3	244	266	1	CCTTGACTTCCCTGACCATCAGG	CCTTGACTTCCCTGACCATC
test_chr3:268-290:1	test_chr3	268	290	1	CCTGCTCACACTATTCTCACAGG	CCTGCTCACACTATTCTCAC
test_chr3:274-296:1	test_chr3	274	296	1	CACACTATTCTCACAGGTAAAGG	CACACTATTCTCACAGGTAA
test_chr3:288-310:1	test_chr3	288	310	1	AGGTAAAGGCTGAAACTGACCGG	AGGTAAAGGCTGAAACTGAC
test_chr3:289-311:1	test_chr3	289	311	1	GGTAAAGGCTGAAACTGACCGGG	GGTAAAGGCTGAAACTGACC
test_chr3:301-323:1	test_chr3	301	323	1	AACTGACCGGGCTAGATATCTGG	AACTGACCGGGCTAGATATC
test_chr3:344-366:1	test_chr3	344	366	1	CCTTGACTTCCCTGACCATCAGG	CCTTGACTTCCCTGACCATC
test_chr3:368-390:1	test_chr3	368	390	1	CCTGCTCACACTATTCTCACAGG	CCTGCTCACACTATTCTCAC
test_chr3:374-396:1	test_chr3	374	396	1	CACACTATTCTCACAGGTAAAGG	CACACTATTCTCACAGGTAA
test_chr3:444-466:1	test_chr3	444	466	1	CCTTGACTTCCCTGACCATCAGG	CCTTGACTTCCCTGACCATC
test_chr3:468-490:1	test_chr3	468	490	1	CCTGCTCACACTATTCTCACAGG	CCTGCTCACACTATTCTCAC
test_chr3:474-496:1	test_chr3	474	496	1	CACACTATTCTCACAGGTAAAGG	CACACTATTCTCACAGGTAA
test_chr3:16-38:-1	test_chr3	16	38	-1	CCGGTCTACATCAGTTCTACTCC	GGAGTAGAACTGATGTAGAC
test_chr3:37-59:-1	test_chr3	37	59	-1	CCAAACACCTTGACAACTGATCG	CGATCAGTTGTCAAGGTGTT
test_chr3:44-66:-1	test_chr3	44	66	-1	CCTTGACAACTGATCGGGATCGC	GCGATCCCGATCAGTTGTCA
test_chr3:107-129:-1	test_chr3	107	129	-1	CCGGGATCGCTATCTGGCATCAG	CTGATGCCAGATAGCGATCC
test_chr3:137-159:-1	test_chr3	137	159	-1	CCAAACACCTTGACTTCCCTGAC	GTCAGGGAAGTCAAGGTGTT
test_chr3:144-166:-1	test_chr3	144	166	-1	CCTTGACTTCCCTGACCATCAGG	CCTGATGGTCAGGGAAGTCA
test_chr3:153-175:-1	test_chr3	153	175	-1	CCCTGACCATCAGGCCCTGCTCA	TGAGCAGGGCCTGATGGTCA
test_chr3:154-176:-1	test_chr3	154	176	-1	CCTGACCATCAGGCCCTGCTCAC	GTGAGCAGGGCCTGATGGTC
test_chr3:159-181:-1	test_chr3	159	181	-1	CCATCAGGCCCTGCTCACACTAT	ATAGTGTGAGCAGGGCCTGA
test_chr3:167-189:-1	test_chr3	167	189	-1	CCCTGCTCACACTATTCTCACAG	CTGTGAGAATAGTGTGAGCA
test_chr3:168-190:-1	test_chr3	168	190	-1	CCTGCTCACACTATTCTCACAGG	CCTGTGAGAATAGTGTGAGC
test_chr3:207-229:-1	test_chr3	207	229	-1	CCGGGCTCGCTATCTGGCATCAG	CTGATGCCAGATAGCGAGCC
test_chr3:237-259:-1	test_chr3	237	259	-1	CCAAACACCTTGACTTCCCTGAC	GTCAGGGAAGTCAAGGTGTT
test_chr3:244-266:-1	test_chr3	244	266	-1	CCTTGACTTCCCTGACCATCAGG	CCTGATGGTCAGGGAAGTCA
test_chr3:253-275:-1	test_chr3	253	275	-1	CCCTGACCATCAGGCCCTGCTCA	TGAGCAGGGCCTGATGGTCA
test_chr3:254-276:-1	test_chr3	254	276	-1	CCTGACCATCAGGCCCTGCTCAC	GTGAGCAGGGCCTGATGGTC
test_chr3:259-281:-1	test_chr3	259	281	-1	CCATCAGGCCCTGCTCACACTAT	ATAGTGTGAGCAGGGCCTGA
test_chr3:267-289:-1	test_chr3	267	289	-1	CCCTGCTCACACTATTCTCACAG	CTGTGAGAATAGTGTGAGCA
test_chr3:268-290:-1	test_chr3	268	290	-1	CCTGCTCACACTATTCTCACAGG	CCTGTGAGAATAGTGTGAGC
test_chr3:307-329:-1	test_chr3	307	329	-1	CCGGGCTAGATATCTGGCATCAG	CTGATGCCAGATATCTAGCC
test_chr3:337-359:-1	test_chr3	337	359	-1	CCAAACACCTTGACTTCCCTGAC	GTCAGGGAAGTCAAGGTGTT
test_chr3:344-366:-1	test_chr3	344	366	-1	CCTTGACTTCCCTGACCATCAGG	CCTGATGGTCAGGGAAGTCA
test_chr3:353-375:-1	test_chr3	353	375	-1	CCCTGACCATCAGGCCCTGCTCA	TGAGCAGGGCCTGATGGTCA
test_chr3:354-376:-1	test_chr3	354	376	-1	CCTGACCATCAGGCCCTGCTCAC	GTGAGCAGGGCCTGATGGTC
test_chr3:359-381:-1	test_chr3	359	381	-1	CCATCAGGCCCTGCTCACACTAT	ATAGTGTGAGCAGGGCCTGA
test_chr3:367-389:-1	test_chr3	367	389	-1	CCCTGCTCACACTATTCTCACAG	CTGTGAGAATAGTGTGAGCA
test_chr3:368-390:-1	test_chr3	368	390	-1	CCTGCTCACACTATTCTCACAGG	CCTGTGAGAATAGTGTGAGC
test_chr3:406-428:-1	test_chr3	406	428	-1	CCAAGCCAGATATCGATCGCGAT	ATCGCGATCGATATCTGGCT
test_chr3:411-433:-1	test_chr3	411	433	-1	CCAGATATCGATCGCGATGTTCT	AGAACATCGCGATCGATATC
test_chr3:437-459:-1	test_chr3	437	459	-1	CCAAACACCTTGACTTCCCTGAC	GTCAGGGAAGTCAAGGTGTT
test_chr3:444-466:-1	test_chr3	444	466	-1	CCTTGACTTCCCTGACCATCAGG	CCTGATGGTCAGGGAAGTCA
test_chr3:453-475:-1	test_chr3	453	475	-1	CCCTGACCATCAGGCCCTGCTCA	TGAGCAGGGCCTGATGGTCA
test_chr3:454-476:-1	test_chr3	454	476	-1	CCTGACCATCAGGCCCTGCTCAC	GTGAGCAGGGCCTGATGGTC
test_chr3:459-481:-1	test_chr3	459	481	-1	CCATCAGGCCCTGCTCACACTAT	ATAGTGTGAGCAGGGCCTGA
test_chr3:467-489:-1	test_chr3	467	489	-1	CCCTGCTCACACTATTCTCACAG	CTGTGAGAATAGTGTGAGCA
test_chr3:468-490:-1	test_chr3	468	490	-1	CCTGCTCACACTATTCTCACAGG	CCTGTGAGAATAGTGTGAGC
